language,pretrain,decay-eng,decay-all,decay-mid,ext
aai,0,0,907395,0,0
aak,0,0,2275620,0,0
aau,0,0,1937943,0,0
aaz,0,0,1772325,0,0
aba,0,0,122730,0,0
abi,0,0,4143,0,0
abk,0,0,6698061,0,0
abn,0,0,83685,0,0
abq,0,0,899589,0,0
abs,0,0,4577322,0,0
abt,0,0,3033636,0,0
abx,0,0,949605,0,0
aby,0,0,785667,0,0
abz,0,0,89436,0,0
aca,0,0,271752,0,0
acd,0,0,1754214,0,0
ace,0,0,8335551,0,0
acf,0,0,1618809,0,0
ach,0,0,3374484,0,0
acm,0,0,57865818,0,0
acn,0,0,4503432,0,0
acr,0,0,2661747,0,0
acu,0,0,776286,0,0
ada,0,0,1576197,0,0
ade,0,0,100104,0,0
adh,0,0,37389,0,0
adi,0,0,23910,0,0
adj,0,0,1070049,0,0
adl,0,0,2232,0,0
ady,0,0,9244836,0,0
adz,0,0,275484,0,0
aeb,0,0,197254326,0,0
aer,0,0,143166,0,0
aeu,0,0,1571643,0,0
aey,0,0,1003320,0,0
afr,2662761651,524986551,529435704,541511073,2057062098
agd,0,0,530295,0,0
agg,0,0,1352895,0,0
agm,0,0,545292,0,0
agn,0,0,1017297,0,0
agr,0,0,643794,0,0
agt,0,0,176559,0,0
agu,0,0,1737300,0,0
agw,0,0,2697,0,0
agx,0,0,902955,0,0
aha,0,0,642,0,0
ahk,0,0,92157,0,0
aia,0,0,471591,0,0
aii,0,0,1301943,0,0
aim,0,0,14706,0,0
ain,0,0,238023,0,0
ajg,0,0,85926,0,0
aji,0,0,762030,0,0
ajz,0,0,10122,0,0
akb,0,0,372630,0,0
ake,0,0,166572,0,0
akh,0,0,217827,0,0
akp,0,0,608055,0,0
ald,0,0,378,0,0
alj,0,0,24180,0,0
aln,0,0,4469547,0,0
alp,0,0,577746,0,0
alq,0,0,540513,0,0
als,0,675713635,617142369,675713635,2930481451
alt,0,0,8555913,0,0
aly,0,0,703026,0,0
alz,0,0,1435677,0,0
ame,0,0,192054,0,0
amf,0,0,68772,0,0
amh,0,330433216,243144717,330433216,660524646
ami,0,0,1906842,0,0
amk,0,0,180633,0,0
amm,0,0,851235,0,0
amn,0,0,466482,0,0
amp,0,0,7205280,0,0
amr,0,0,237972,0,0
amu,0,0,2263437,0,0
amx,0,0,163878,0,0
ang,0,0,18365850,0,0
anm,0,0,9948,0,0
ann,0,0,121518,0,0
anp,0,437461921,430556290,437461921,1618334676
anv,0,0,123669,0,0
any,0,0,67521,0,0
aoi,0,0,523623,0,0
aoj,0,0,2489394,0,0
aom,0,0,1078752,0,0
aoz,0,0,151560,0,0
apb,0,0,456048,0,0
apc,0,0,6376770,0,0
ape,0,0,1605126,0,0
apn,0,0,217725,0,0
apr,0,0,676362,0,0
apt,0,0,24597,0,0
apu,0,0,198840,0,0
apw,0,0,155736,0,0
apy,0,0,340521,0,0
apz,0,0,303846,0,0
arb,21212425415,1362017071,1687051484,1479435226,9001996896
are,0,0,51636,0,0
arg,0,0,26757327,0,0
arl,0,0,224667,0,0
arn,0,0,2778180,0,0
arp,0,0,47247,0,0
arq,0,0,168828,0,0
ars,0,381742947,363746546,381742947,1216381152
ary,0,528338844,510129649,528338844,2126877369
arz,0,343885869,337859100,343885869,1074556220
asg,0,0,1398,0,0
asm,0,0,278882799,0,0
aso,0,0,1223022,0,0
ast,0,0,125837439,0,0
ata,0,0,1229874,0,0
atb,0,0,563877,0,0
atd,0,0,178815,0,0
atg,0,0,142998,0,0
ati,0,0,91932,0,0
atj,0,0,1339644,0,0
atq,0,0,8196,0,0
att,0,0,482520,0,0
auc,0,0,118572,0,0
aui,0,0,68355,0,0
auy,0,0,417228,0,0
ava,0,0,13404546,0,0
avk,0,0,3673059,0,0
avn,0,0,6792,0,0
avt,0,0,248775,0,0
avu,0,0,1697271,0,0
awa,0,0,5531673,0,0
awb,0,0,15399,0,0
awi,0,0,10506,0,0
awx,0,0,334290,0,0
ayo,0,0,3021,0,0
ayp,0,0,639813,0,0
ayr,0,0,8366124,0,0
azb,0,0,101523819,0,0
azg,0,0,428649,0,0
azj,4750590422,690908712,746864256,715918896,3107797533
azz,0,0,162540,0,0
bak,0,0,236045109,0,0
bam,0,0,13845153,0,0
ban,0,0,33889788,0,0
bao,0,0,884358,0,0
bar,0,0,110187495,0,0
bas,0,0,803211,0,0
bav,0,0,119634,0,0
bba,0,0,2147385,0,0
bbb,0,0,273501,0,0
bbc,0,0,14885238,0,0
bbj,0,0,227136,0,0
bbk,0,0,5799,0,0
bbr,0,0,1172994,0,0
bch,0,0,709431,0,0
bci,0,0,1929930,0,0
bcl,0,0,12572706,0,0
bco,0,0,175632,0,0
bcw,0,0,67410,0,0
bdd,0,0,1023612,0,0
bdh,0,0,499836,0,0
bdq,0,0,47439,0,0
bea,0,0,11907,0,0
bef,0,0,382386,0,0
bel,0,523728327,446412917,523728327,1765220526
bem,0,0,2097984,0,0
ben,6482177579,776047634,895061986,816514746,3867576257
beq,0,0,203841,0,0
bew,0,361723614,347881336,361723614,1120655474
bex,0,0,7083,0,0
bfd,0,0,835305,0,0
bfo,0,0,226653,0,0
bgr,0,0,837915,0,0
bgs,0,0,366600,0,0
bgt,0,0,525192,0,0
bgz,0,0,16578,0,0
bhg,0,0,203325,0,0
bhl,0,0,1942014,0,0
bho,0,0,22762572,0,0
bhp,0,0,345729,0,0
bhw,0,0,97611,0,0
bhz,0,0,12765,0,0
bib,0,0,929664,0,0
big,0,0,379884,0,0
bim,0,0,369792,0,0
bin,0,0,1039017,0,0
bis,0,0,8878392,0,0
biu,0,0,27735,0,0
biv,0,0,668751,0,0
bjn,0,0,8908668,0,0
bjp,0,0,457290,0,0
bjr,0,0,672330,0,0
bjv,0,0,1195980,0,0
bkd,0,0,156564,0,0
bkl,0,0,16467,0,0
bkq,0,0,5463,0,0
bku,0,0,2410554,0,0
bkv,0,0,15711,0,0
bla,0,0,76800,0,0
blh,0,0,902694,0,0
blk,0,0,854421,0,0
blt,0,0,144618,0,0
blw,0,0,289878,0,0
blz,0,0,759192,0,0
bmh,0,0,1314858,0,0
bmk,0,0,58908,0,0
bmq,0,0,17121,0,0
bmr,0,0,721260,0,0
bmu,0,0,897720,0,0
bmv,0,0,513,0,0
bnj,0,0,891,0,0
bno,0,0,735447,0,0
bnp,0,0,1546839,0,0
boa,0,0,72894,0,0
bod,0,466419701,238867943,466419701,774902106
boj,0,0,1365894,0,0
bom,0,0,2499,0,0
bon,0,0,1014210,0,0
bos,0,826525339,819176552,826525339,4711739495
bov,0,0,2475,0,0
box,0,0,105627,0,0
bpr,0,0,788013,0,0
bps,0,0,213774,0,0
bpy,0,0,243810,0,0
bqc,0,0,1464102,0,0
bqj,0,0,29469,0,0
bqp,0,0,300654,0,0
bre,0,0,76822452,0,0
brh,0,0,24551364,0,0
bru,0,0,4126485,0,0
brx,0,0,2021859,0,0
bsc,0,0,11565,0,0
bsn,0,0,1068765,0,0
bsp,0,0,75471,0,0
bsq,0,0,205563,0,0
bss,0,0,735033,0,0
btd,0,0,144936,0,0
bth,0,0,18135,0,0
bts,0,0,2884521,0,0
btt,0,0,20262,0,0
btx,0,0,3473295,0,0
bud,0,0,655341,0,0
bug,0,0,325740,0,0
buk,0,0,797616,0,0
bul,12894322204,1032930975,1067172225,1076924512,6304057237
bum,0,0,1275102,0,0
bus,0,0,393174,0,0
bvc,0,0,8487,0,0
bvd,0,0,347757,0,0
bvr,0,0,1516833,0,0
bvz,0,0,1746633,0,0
bwd,0,0,119754,0,0
bwi,0,0,381,0,0
bwq,0,0,276,0,0
bwu,0,0,52950,0,0
bxh,0,0,61776,0,0
bxr,0,0,18914430,0,0
byr,0,0,1164540,0,0
byv,0,0,11421,0,0
byx,0,0,981702,0,0
bzd,0,0,278808,0,0
bzh,0,0,912489,0,0
bzi,0,0,543696,0,0
bzj,0,0,241041,0,0
caa,0,0,468282,0,0
cab,0,0,1137282,0,0
cac,0,0,3586344,0,0
caf,0,0,535851,0,0
cag,0,0,133437,0,0
cak,0,0,7836411,0,0
cao,0,0,296325,0,0
cap,0,0,335691,0,0
caq,0,0,323361,0,0
car,0,0,693771,0,0
cas,0,0,882018,0,0
cat,0,799341686,794181192,799341686,4444914374
cav,0,0,946659,0,0
cax,0,0,559641,0,0
cbc,0,0,1012326,0,0
cbi,0,0,319635,0,0
cbk,0,0,47818701,0,0
cbr,0,0,295470,0,0
cbs,0,0,853008,0,0
cbt,0,0,161670,0,0
cbu,0,0,939081,0,0
cbv,0,0,603228,0,0
cce,0,0,647598,0,0
cco,0,0,1038381,0,0
ccp,0,0,181914,0,0
cdf,0,0,28635,0,0
ceb,0,229888451,227120216,229888451,566144625
ceg,0,0,526626,0,0
cek,0,0,352311,0,0
ces,22679268398,1376283124,1417328415,1461445246,9418781132
cfm,0,0,11600595,0,0
cgc,0,0,919626,0,0
cgg,0,0,5274,0,0
cha,0,0,2275701,0,0
chd,0,0,947364,0,0
che,0,0,27219726,0,0
chf,0,0,478782,0,0
chj,0,0,6357,0,0
chk,0,0,3083313,0,0
cho,0,0,10023,0,0
chq,0,0,35436,0,0
chr,0,0,382815,0,0
chu,0,0,1685466,0,0
chv,0,0,108304419,0,0
chw,0,0,302418,0,0
chz,0,0,966678,0,0
cjk,0,0,45540,0,0
cjo,0,0,59583,0,0
cjp,0,0,470352,0,0
cjs,0,0,39696,0,0
cjv,0,0,78522,0,0
ckb,0,303730969,273544122,303730969,817587296
cko,0,0,683637,0,0
ckt,0,0,271698,0,0
cle,0,0,461823,0,0
clu,0,0,163920,0,0
cly,0,0,22008,0,0
cme,0,0,86724,0,0
cmn,103720292223,2484641090,2526915717,2550287407,27945068137
cmo,0,0,4111476,0,0
cmr,0,0,11274252,0,0
cnh,0,0,70391949,0,0
cni,0,0,459051,0,0
cnk,0,0,1830627,0,0
cnl,0,0,144654,0,0
cnt,0,0,706992,0,0
cnw,0,0,185853,0,0
code,102006710251,3258637340,6292766328,3258637340,19985806557
coe,0,0,655107,0,0
cof,0,0,240108,0,0
cok,0,0,998403,0,0
con,0,0,72054,0,0
cop,0,0,3292320,0,0
cor,0,0,5584041,0,0
cos,0,0,234721317,0,0
cot,0,0,50769,0,0
cou,0,0,7713,0,0
cpa,0,0,398691,0,0
cpb,0,0,136671,0,0
cpc,0,0,130353,0,0
cpu,0,0,83673,0,0
cpy,0,0,538782,0,0
crh,0,0,69899328,0,0
cri,0,0,80313,0,0
crj,0,0,5727,0,0
crk,0,0,354063,0,0
crl,0,0,47385,0,0
crm,0,0,372780,0,0
crn,0,0,2676429,0,0
crs,0,0,54527562,0,0
crt,0,0,11274,0,0
crx,0,0,845385,0,0
csb,0,0,14419656,0,0
csk,0,0,6024,0,0
cso,0,0,669510,0,0
csw,0,0,209232,0,0
csy,0,0,703416,0,0
cta,0,0,510258,0,0
ctd,0,0,19344771,0,0
cto,0,0,198327,0,0
ctp,0,0,506355,0,0
ctu,0,0,443874,0,0
cub,0,0,82713,0,0
cuc,0,0,320997,0,0
cui,0,0,544260,0,0
cuk,0,0,1810041,0,0
cul,0,0,46584,0,0
cut,0,0,214551,0,0
cux,0,0,107583,0,0
cwe,0,0,194691,0,0
cwt,0,0,775605,0,0
cya,0,0,1011165,0,0
cym,0,404261034,341400561,404261034,1096602988
czt,0,0,170430,0,0
daa,0,0,60594,0,0
dad,0,0,1380990,0,0
daf,0,0,53853,0,0
dag,0,0,109468602,0,0
dah,0,0,913530,0,0
dak,0,0,1351803,0,0
dan,19172736615,1200949738,1234118415,1237242557,8395496467
dar,0,0,1604580,0,0
dbq,0,0,3954,0,0
ddg,0,0,53319,0,0
ddn,0,0,5535,0,0
ded,0,0,1256979,0,0
des,0,0,993747,0,0
deu,87337285702,2549525747,2808752900,2842322225,24675202916
dga,0,0,260337,0,0
dgc,0,0,536763,0,0
dgi,0,0,666147,0,0
dgr,0,0,390051,0,0
dgz,0,0,1068381,0,0
dhg,0,0,10626,0,0
dhm,0,0,135369,0,0
dhv,0,0,2612502,0,0
did,0,0,9981,0,0
dig,0,0,1084908,0,0
dik,0,0,1565403,0,0
dip,0,0,9093,0,0
diq,0,0,9140880,0,0
dis,0,0,7779,0,0
diu,0,0,17949,0,0
div,0,0,265494390,0,0
dje,0,0,91971,0,0
djk,0,0,36861,0,0
djr,0,0,662526,0,0
dks,0,0,26973,0,0
dln,0,0,82608,0,0
dng,0,0,143547,0,0
dnj,0,0,1329705,0,0
dnw,0,0,68880,0,0
dob,0,0,1400286,0,0
doi,0,0,1943763,0,0
dop,0,0,949041,0,0
dos,0,0,4263,0,0
dow,0,0,3591,0,0
drg,0,0,85500,0,0
dru,0,0,50883,0,0
dsb,0,0,6420357,0,0
dsh,0,0,125190,0,0
dtb,0,0,19614,0,0
dtp,0,0,2003496,0,0
dts,0,0,449025,0,0
dty,0,0,3519,0,0
dua,0,0,492291,0,0
due,0,0,7455,0,0
dug,0,0,27006,0,0
duo,0,0,30837,0,0
dur,0,0,55017,0,0
dwr,0,0,1475280,0,0
dww,0,0,925560,0,0
dyi,0,0,1257522,0,0
dyo,0,0,586554,0,0
dyu,0,0,3125130,0,0
dzo,0,0,32359722,0,0
ebk,0,0,69096,0,0
efi,0,0,6906684,0,0
eka,0,0,5250,0,0
ekk,7037982864,825163881,841112278,868893031,4089230082
eko,0,0,219762,0,0
ell,16417908793,1168112003,1203041657,1226634379,7493090637
emi,0,0,322671,0,0
eml,0,0,22236051,0,0
emp,0,0,630777,0,0
enb,0,0,719265,0,0
eng,686423109477,18672161190,11593552336,13627681324,72961332002
enl,0,0,238578,0,0
enm,0,0,17992059,0,0
enq,0,0,279570,0,0
enx,0,0,6600,0,0
epo,0,295236888,268089345,295236888,750702099
eri,0,0,219255,0,0
ese,0,0,347493,0,0
esi,0,0,43362,0,0
esk,0,0,761292,0,0
ess,0,0,2799,0,0
esu,0,0,396546,0,0
eto,0,0,14199,0,0
etr,0,0,184353,0,0
etu,0,0,10428,0,0
eus,0,415029885,390156498,415029885,1407151325
eve,0,0,229995,0,0
ewe,0,0,4271973,0,0
ewo,0,0,2182881,0,0
ext,0,0,4762827,0,0
eza,0,0,475563,0,0
faa,0,0,205560,0,0
fad,0,0,5607,0,0
fai,0,0,239628,0,0
fal,0,0,629856,0,0
fan,0,0,44721,0,0
fao,0,0,285200391,0,0
far,0,0,182208,0,0
fas,23255069621,1352757965,1417074409,1430820896,9594349411
fat,0,0,775815,0,0
ffm,0,0,1884960,0,0
fij,0,0,28875627,0,0
fil,2594565250,505532744,508025244,513536054,2022473412
fin,14853068396,1172135129,1261834738,1283929307,6950253470
fit,0,0,10147683,0,0
fkv,0,0,1691106,0,0
fmu,0,0,10971,0,0
fon,0,0,3455634,0,0
for,0,0,90798,0,0
fra,79794431733,2376495851,2552520501,2583030952,23120436976
frd,0,0,52053,0,0
fro,0,0,66256218,0,0
frp,0,0,73835292,0,0
frr,0,0,4164084,0,0
fry,0,238677129,230119051,238677129,582681966
fub,0,0,103941,0,0
fud,0,0,43872,0,0
fue,0,0,53796,0,0
fuf,0,0,2690631,0,0
fuh,0,0,1067907,0,0
fuq,0,0,590997,0,0
fur,0,0,9805869,0,0
fuv,0,0,2579394,0,0
gaa,0,0,5239341,0,0
gag,0,0,43117368,0,0
gah,0,0,93834,0,0
gai,0,0,451998,0,0
gam,0,0,321420,0,0
gaw,0,0,726123,0,0
gaz,0,0,51531735,0,0
gbi,0,0,997503,0,0
gbo,0,0,781311,0,0
gbr,0,0,13785,0,0
gcf,0,0,4054728,0,0
gcr,0,0,521832,0,0
gde,0,0,832254,0,0
gdg,0,0,167865,0,0
gdn,0,0,450066,0,0
gdr,0,0,126198,0,0
geb,0,0,369939,0,0
gej,0,0,12942,0,0
gfk,0,0,1541922,0,0
ghs,0,0,73602,0,0
gil,0,0,4859391,0,0
giz,0,0,12363,0,0
gjn,0,0,24663,0,0
gkn,0,0,341064,0,0
gla,0,262860948,247145784,262860948,651876044
gle,979857982,330529693,337458981,337554251,1018631715
glg,2218144607,487311608,506366208,511251330,1793631733
glk,0,0,93676347,0,0
glv,0,0,2377563,0,0
gmh,0,449271745,417824305,449271745,1575778853
gmv,0,0,818814,0,0
gna,0,0,3486,0,0
gnb,0,0,92448,0,0
gnd,0,0,1146453,0,0
gng,0,0,525189,0,0
gnn,0,0,1155741,0,0
gnw,0,0,361236,0,0
goa,0,0,14532,0,0
gof,0,0,566010,0,0
gog,0,0,604527,0,0
goh,0,0,46517727,0,0
gom,0,0,17962821,0,0
gor,0,0,537633,0,0
gos,0,0,4058577,0,0
got,0,0,66963,0,0
gqr,0,0,68805,0,0
grc,0,0,28192848,0,0
grt,0,0,560952,0,0
gso,0,0,574104,0,0
gsw,0,327212570,290765950,327212570,885716701
gub,0,0,468051,0,0
guc,0,0,738810,0,0
gud,0,0,10440,0,0
gug,0,0,18921390,0,0
guh,0,0,354999,0,0
gui,0,0,987147,0,0
guj,1741402478,430552678,450192395,439776906,1533662439
guk,0,0,288402,0,0
gul,0,0,1378230,0,0
gum,0,0,1423596,0,0
gun,0,0,558153,0,0
guo,0,0,413580,0,0
guq,0,0,23364,0,0
gur,0,0,2289657,0,0
guu,0,0,7836,0,0
guw,0,0,2743809,0,0
gux,0,0,1018680,0,0
guz,0,0,129750,0,0
gvc,0,0,22506,0,0
gvf,0,0,633618,0,0
gvl,0,0,881520,0,0
gvn,0,0,177753,0,0
gwi,0,0,105195,0,0
gwr,0,0,11349,0,0
gya,0,0,5436,0,0
gym,0,0,1996392,0,0
gyr,0,0,103341,0,0
hac,0,0,36844623,0,0
hae,0,0,224868,0,0
hag,0,0,606543,0,0
hak,0,0,7606491,0,0
hat,0,248956466,236893540,248956466,601167241
hav,0,0,9930,0,0
haw,0,0,167329683,0,0
hay,0,0,509610,0,0
hbo,0,0,117272163,0,0
hch,0,0,87696,0,0
heb,8315613128,890328217,922517652,946588703,4617641265
heg,0,0,733941,0,0
heh,0,0,615888,0,0
her,0,0,1622547,0,0
hif,0,315170765,292382134,315170765,848979834
hig,0,0,621231,0,0
hil,0,0,60218202,0,0
hin,9995437569,910552435,1187030945,933526572,5277666299
hix,0,0,130116,0,0
hla,0,0,1259823,0,0
hlt,0,0,7959,0,0
hmo,0,0,3512736,0,0
hmr,0,0,4728423,0,0
hne,0,0,21964995,0,0
hnj,0,0,2363505,0,0
hnn,0,0,198117,0,0
hns,0,0,1152324,0,0
hoc,0,0,291,0,0
hop,0,0,16641,0,0
hot,0,0,265149,0,0
hra,0,0,9897,0,0
hrv,11312355157,961759326,992019976,994800521,5760728057
hrx,0,0,620154,0,0
hsb,0,0,42933852,0,0
hto,0,0,900192,0,0
hub,0,0,240234,0,0
hui,0,0,1091415,0,0
hun,20200200728,1255449375,1303454110,1313543853,8732288461
hus,0,0,2416701,0,0
huu,0,0,144576,0,0
huv,0,0,201819,0,0
hvn,0,0,31065,0,0
hwc,0,0,5826828,0,0
hye,0,428491920,346076303,428491920,1151536740
hyw,0,0,225549606,0,0
ian,0,0,101928,0,0
iba,0,0,23957799,0,0
ibg,0,0,304638,0,0
ibo,0,0,222488574,0,0
icr,0,0,136344,0,0
ido,0,0,7023024,0,0
idu,0,0,242946,0,0
ifa,0,0,17613,0,0
ifb,0,0,545946,0,0
ife,0,0,16302,0,0
ifk,0,0,781629,0,0
ifu,0,0,173769,0,0
ify,0,0,2713881,0,0
ige,0,0,143391,0,0
ign,0,0,88287,0,0
ike,0,0,6727662,0,0
ikk,0,0,167472,0,0
ikt,0,0,747273,0,0
ikw,0,0,112377,0,0
ilb,0,0,10146,0,0
ile,0,0,2161443,0,0
ilo,0,0,25282116,0,0
imo,0,0,786576,0,0
ina,0,0,10734885,0,0
inb,0,0,683703,0,0
ind,32468401525,1533759679,1607037578,1610163223,12209707215
inh,0,0,56465385,0,0
ino,0,0,363585,0,0
iou,0,0,319515,0,0
ipi,0,0,974526,0,0
iqw,0,0,29721,0,0
iri,0,0,11130,0,0
irk,0,0,885234,0,0
iry,0,0,3462,0,0
isd,0,0,743838,0,0
ish,0,0,98040,0,0
isl,0,550344920,500973511,550344920,2108539211
iso,0,0,3621087,0,0
ita,57312567533,2041037294,2146484815,2185969200,18295141096
itv,0,0,879993,0,0
ium,0,0,3062424,0,0
ivb,0,0,15168,0,0
ivv,0,0,4536,0,0
iws,0,0,328830,0,0
ixl,0,0,1002633,0,0
izr,0,0,689991,0,0
izz,0,0,234000,0,0
jaa,0,0,4926,0,0
jac,0,0,2814093,0,0
jae,0,0,940764,0,0
jam,0,0,13738254,0,0
jav,0,251351864,235580240,251351864,622386432
jbo,0,0,2628807,0,0
jbu,0,0,955935,0,0
jic,0,0,111849,0,0
jiv,0,0,460815,0,0
jmc,0,0,21987,0,0
jpn,58625517493,1955665673,2004653487,2020014404,18619210075
jra,0,0,2029179,0,0
jun,0,0,1299,0,0
jvn,0,0,1592130,0,0
kaa,0,0,15460989,0,0
kab,0,0,5698755,0,0
kac,0,0,14760801,0,0
kak,0,0,30087,0,0
kal,0,0,45297813,0,0
kam,0,0,1217838,0,0
kan,0,406634463,394140277,406634463,1388767863
kao,0,0,412560,0,0
kaq,0,0,127365,0,0
kas,0,0,7119744,0,0
kat,2494262076,534115024,575945436,582612867,1947107167
kaz,2993899636,581606170,621041451,632743429,2203428354
kbc,0,0,287451,0,0
kbd,0,0,11414583,0,0
kbh,0,0,243510,0,0
kbm,0,0,576270,0,0
kbo,0,0,14820,0,0
kbp,0,0,1090146,0,0
kbq,0,0,111141,0,0
kbr,0,0,559782,0,0
kby,0,0,9621,0,0
kca,0,0,366813,0,0
kcg,0,0,55512,0,0
kck,0,0,96693,0,0
kdc,0,0,160377,0,0
kde,0,0,341523,0,0
kdh,0,0,3012,0,0
kdi,0,0,487014,0,0
kdj,0,0,6924,0,0
kdl,0,0,187212,0,0
kdr,0,0,1991268,0,0
kea,0,0,7757529,0,0
kei,0,0,73827,0,0
kek,0,0,2300334,0,0
ken,0,0,386988,0,0
keo,0,0,555861,0,0
ker,0,0,46368,0,0
kew,0,0,588975,0,0
kex,0,0,5304,0,0
kez,0,0,712431,0,0
kff,0,0,69504,0,0
kgf,0,0,43488,0,0
kgk,0,0,179037,0,0
kgp,0,0,531432,0,0
kgr,0,0,87981,0,0
kha,0,0,33216315,0,0
khk,1669194774,446294320,419037126,454275124,1457850112
khm,1382715819,394312078,389156654,402497860,1283932381
khq,0,0,3120,0,0
khs,0,0,1372002,0,0
khy,0,0,4545,0,0
khz,0,0,676212,0,0
kia,0,0,9738,0,0
kij,0,0,489360,0,0
kik,0,0,2060601,0,0
kin,0,0,175222113,0,0
kir,0,355653663,324790148,355653663,1048646846
kiu,0,0,119770692,0,0
kix,0,0,398145,0,0
kjb,0,0,112677,0,0
kje,0,0,298383,0,0
kjh,0,0,1103439,0,0
kjs,0,0,571350,0,0
kkc,0,0,823995,0,0
kki,0,0,479049,0,0
kkj,0,0,964788,0,0
kkl,0,0,213570,0,0
kle,0,0,12183,0,0
klt,0,0,142491,0,0
klv,0,0,1081452,0,0
kmb,0,0,2587905,0,0
kmd,0,0,22560,0,0
kmg,0,0,1892904,0,0
kmh,0,0,1568139,0,0
kmk,0,0,44049,0,0
kmm,0,0,101322,0,0
kmo,0,0,672594,0,0
kmr,0,278853106,268172808,278853106,748059813
kms,0,0,589896,0,0
kmu,0,0,628680,0,0
kmy,0,0,68865,0,0
knc,0,0,3644559,0,0
kne,0,0,314178,0,0
knf,0,0,558558,0,0
kng,0,0,6712665,0,0
knj,0,0,1324491,0,0
knk,0,0,697482,0,0
kno,0,0,16746,0,0
knv,0,0,1401375,0,0
knx,0,0,5994,0,0
kny,0,0,118125,0,0
kog,0,0,112407,0,0
koi,0,0,2377080,0,0
koo,0,0,731877,0,0
kor,28395431813,1454597336,1500484360,1517810269,11062835877
kos,0,0,4498362,0,0
kpe,0,0,580638,0,0
kpf,0,0,444018,0,0
kpg,0,0,1727844,0,0
kpj,0,0,25041,0,0
kpq,0,0,6597,0,0
kpr,0,0,982584,0,0
kpv,0,0,22291383,0,0
kpw,0,0,809103,0,0
kpx,0,0,357729,0,0
kpz,0,0,566751,0,0
kqc,0,0,188019,0,0
kqe,0,0,146346,0,0
kqf,0,0,94455,0,0
kql,0,0,3777,0,0
kqn,0,0,555843,0,0
kqo,0,0,21993,0,0
kqp,0,0,955143,0,0
kqs,0,0,6975,0,0
kqw,0,0,549837,0,0
kqy,0,0,5397,0,0
krc,0,0,10112019,0,0
kri,0,0,183879,0,0
krj,0,0,2369244,0,0
krl,0,0,5431272,0,0
kru,0,0,29838,0,0
krx,0,0,14892,0,0
ksb,0,0,2874,0,0
ksc,0,0,65616,0,0
ksd,0,0,1530534,0,0
ksf,0,0,1851,0,0
ksh,0,0,11119650,0,0
ksj,0,0,11010,0,0
ksp,0,0,66273,0,0
ksr,0,0,681048,0,0
kss,0,0,304047,0,0
ksw,0,0,1789911,0,0
ktb,0,0,1902,0,0
ktj,0,0,92634,0,0
ktm,0,0,18066,0,0
kto,0,0,881763,0,0
ktu,0,0,81729,0,0
ktz,0,0,7920,0,0
kua,0,0,4685709,0,0
kub,0,0,166230,0,0
kud,0,0,550221,0,0
kue,0,0,467493,0,0
kuj,0,0,3126,0,0
kum,0,0,8044857,0,0
kup,0,0,892398,0,0
kus,0,0,508503,0,0
kvg,0,0,65604,0,0
kvj,0,0,14403,0,0
kvn,0,0,288564,0,0
kwd,0,0,567060,0,0
kwf,0,0,340116,0,0
kwi,0,0,751548,0,0
kwj,0,0,683610,0,0
kwn,0,0,1487763,0,0
kwy,0,0,1112748,0,0
kxc,0,0,426438,0,0
kxm,0,0,96867,0,0
kxw,0,0,92124,0,0
kyc,0,0,805284,0,0
kyf,0,0,383325,0,0
kyg,0,0,196875,0,0
kyq,0,0,1200771,0,0
kyu,0,0,66564,0,0
kyz,0,0,731106,0,0
kze,0,0,569049,0,0
kzf,0,0,16434,0,0
kzj,0,0,312483,0,0
kzn,0,0,4671,0,0
lac,0,0,813423,0,0
lad,0,0,12545916,0,0
lai,0,0,30330,0,0
laj,0,0,131190,0,0
lam,0,0,557076,0,0
lao,0,296186538,261403821,296186538,723385023
lap,0,0,19008,0,0
lat,0,468720697,390460120,468720697,1419518667
law,0,0,97347,0,0
lbb,0,0,438492,0,0
lbe,0,0,5472309,0,0
lbj,0,0,181746,0,0
lbk,0,0,110967,0,0
lcm,0,0,336132,0,0
lcp,0,0,195990,0,0
ldi,0,0,56784,0,0
ldn,0,0,2052,0,0
lea,0,0,969,0,0
led,0,0,7647,0,0
lee,0,0,968667,0,0
lef,0,0,677406,0,0
leh,0,0,64965,0,0
lem,0,0,16620,0,0
leu,0,0,642525,0,0
lew,0,0,110481,0,0
lex,0,0,1047672,0,0
lez,0,0,11286891,0,0
lfn,0,0,6724623,0,0
lgg,0,0,1101135,0,0
lgl,0,0,36879,0,0
lgm,0,0,3243,0,0
lhi,0,0,13215,0,0
lhu,0,0,1205658,0,0
lia,0,0,667242,0,0
lid,0,0,1222503,0,0
lif,0,0,279003,0,0
lij,0,0,79032060,0,0
lim,0,0,46149315,0,0
lin,0,0,28720263,0,0
lip,0,0,53595,0,0
lis,0,0,5139,0,0
lit,8762417832,863893366,886817865,892609329,4796088487
liv,0,0,189744,0,0
ljp,0,0,901413,0,0
lki,0,0,1809147,0,0
llb,0,0,70662,0,0
lld,0,0,2458638,0,0
llg,0,0,442245,0,0
lln,0,0,187221,0,0
lmk,0,0,392754,0,0
lmo,0,0,42700572,0,0
lmp,0,0,470454,0,0
lnd,0,0,34158,0,0
lob,0,0,6885,0,0
loe,0,0,8262,0,0
log,0,0,7473,0,0
lol,0,0,1932,0,0
lom,0,0,8703,0,0
loq,0,0,146157,0,0
loz,0,0,6327126,0,0
lrc,0,0,1357965,0,0
lsi,0,0,245586,0,0
lsm,0,0,529911,0,0
ltg,0,0,15427317,0,0
ltz,0,295076552,257876589,295076552,704734059
lua,0,0,1356225,0,0
lub,0,0,2648391,0,0
luc,0,0,272019,0,0
lud,0,0,168537,0,0
lue,0,0,445269,0,0
lug,0,0,29537619,0,0
lun,0,0,23919,0,0
luo,0,0,3449544,0,0
lus,0,0,133350561,0,0
lvs,6150049033,750460634,754931679,771803222,3725594886
lwg,0,0,145182,0,0
lwo,0,0,74517,0,0
lww,0,0,423129,0,0
lzh,0,0,8930037,0,0
maa,0,0,1477308,0,0
mad,0,0,1817163,0,0
maf,0,0,8319,0,0
mag,0,0,1244286,0,0
mah,0,0,2943300,0,0
mai,0,0,40849095,0,0
maj,0,0,104454,0,0
mak,0,0,817203,0,0
mal,2027825033,472613860,556466473,501476133,1679894961
mam,0,0,4883958,0,0
maq,0,0,1153452,0,0
mar,2575163657,504165763,546037222,517904401,2017478929
mas,0,0,340938,0,0
mau,0,0,430986,0,0
mav,0,0,337413,0,0
maw,0,0,35667,0,0
max,0,0,2244,0,0
maz,0,0,546123,0,0
mbb,0,0,1489950,0,0
mbc,0,0,240939,0,0
mbd,0,0,37047,0,0
mbf,0,0,9085152,0,0
mbh,0,0,387183,0,0
mbi,0,0,485709,0,0
mbj,0,0,211803,0,0
mbl,0,0,529728,0,0
mbs,0,0,318903,0,0
mbt,0,0,1932981,0,0
mca,0,0,307272,0,0
mcb,0,0,69804,0,0
mcd,0,0,343089,0,0
mcf,0,0,104148,0,0
mck,0,0,113136,0,0
mcn,0,0,20577,0,0
mco,0,0,641067,0,0
mcp,0,0,186627,0,0
mcq,0,0,688278,0,0
mcu,0,0,913245,0,0
mda,0,0,16536,0,0
mdf,0,0,6954972,0,0
mdy,0,0,894798,0,0
med,0,0,1851687,0,0
mee,0,0,524715,0,0
mej,0,0,461802,0,0
mek,0,0,530325,0,0
men,0,0,724185,0,0
meq,0,0,791874,0,0
mer,0,0,598563,0,0
met,0,0,13137,0,0
meu,0,0,2222346,0,0
mev,0,0,10599,0,0
mfe,0,0,48946563,0,0
mfg,0,0,6270,0,0
mfh,0,0,46071,0,0
mfi,0,0,858819,0,0
mfk,0,0,6732,0,0
mfq,0,0,1267578,0,0
mfy,0,0,70929,0,0
mfz,0,0,576777,0,0
mgc,0,0,7311,0,0
mgh,0,0,184113,0,0
mgm,0,0,29259,0,0
mgo,0,0,9660,0,0
mgr,0,0,800832,0,0
mhi,0,0,53334,0,0
mhl,0,0,750102,0,0
mhr,0,0,44666781,0,0
mhw,0,0,74904,0,0
mhx,0,0,1100022,0,0
mhy,0,0,37497,0,0
mib,0,0,146064,0,0
mic,0,0,312942,0,0
mie,0,0,311655,0,0
mif,0,0,1112787,0,0
mig,0,0,86322,0,0
mih,0,0,204576,0,0
mil,0,0,590766,0,0
mim,0,0,82749,0,0
min,0,0,2506083,0,0
mio,0,0,236961,0,0
mip,0,0,20508,0,0
miq,0,0,1021662,0,0
mir,0,0,113082,0,0
mit,0,0,144900,0,0
miy,0,0,170610,0,0
miz,0,0,152376,0,0
mjc,0,0,148689,0,0
mjw,0,0,1331613,0,0
mkd,2577181825,519906111,537607058,544137089,2004119608
mkl,0,0,29103,0,0
mkn,0,0,695187,0,0
mks,0,0,158379,0,0
mkz,0,0,414,0,0
mlh,0,0,102081,0,0
mlp,0,0,959160,0,0
mlt,0,300784641,283527490,300784641,866892765
mlu,0,0,60966,0,0
mmn,0,0,607827,0,0
mmo,0,0,644229,0,0
mmx,0,0,682200,0,0
mna,0,0,213435,0,0
mnb,0,0,27333,0,0
mnf,0,0,1065,0,0
mni,0,0,7653516,0,0
mnk,0,0,592968,0,0
mns,0,0,30180,0,0
mnw,0,0,2780916,0,0
mnx,0,0,2211,0,0
mny,0,0,10710,0,0
moa,0,0,43605,0,0
moc,0,0,14835,0,0
mog,0,0,22968,0,0
moh,0,0,264192,0,0
mop,0,0,1160280,0,0
mor,0,0,8001,0,0
mos,0,0,5474049,0,0
mox,0,0,619722,0,0
mpg,0,0,15669,0,0
mph,0,0,36411,0,0
mpm,0,0,391872,0,0
mpp,0,0,721662,0,0
mps,0,0,3025956,0,0
mpt,0,0,54945,0,0
mpx,0,0,1449825,0,0
mqb,0,0,1058511,0,0
mqj,0,0,283542,0,0
mqy,0,0,81729,0,0
mrg,0,0,76080,0,0
mri,0,296185796,227681323,296185796,566295401
mrj,0,0,8646648,0,0
mrq,0,0,88221,0,0
mrv,0,0,13449,0,0
mrw,0,0,1164732,0,0
msb,0,0,289524,0,0
msc,0,0,46827,0,0
mse,0,0,1626,0,0
msk,0,0,266313,0,0
msy,0,0,1471392,0,0
mta,0,0,71802,0,0
mtg,0,0,30375,0,0
mti,0,0,360528,0,0
mtj,0,0,17865,0,0
mto,0,0,236034,0,0
mtp,0,0,784566,0,0
mua,0,0,5559,0,0
mug,0,0,6573,0,0
muh,0,0,1094745,0,0
mui,0,0,79478742,0,0
mup,0,0,2535606,0,0
mur,0,0,339714,0,0
mus,0,0,7266,0,0
mux,0,0,1510380,0,0
muy,0,0,78588,0,0
mva,0,0,773859,0,0
mvn,0,0,7734,0,0
mvp,0,0,278808,0,0
mwc,0,0,134502,0,0
mwl,0,0,18515019,0,0
mwm,0,0,12189,0,0
mwn,0,0,127236,0,0
mwp,0,0,374751,0,0
mwq,0,0,1141392,0,0
mwv,0,0,617886,0,0
mww,0,237323393,227984022,237323393,599682708
mxb,0,0,725301,0,0
mxp,0,0,506679,0,0
mxq,0,0,413112,0,0
mxt,0,0,400845,0,0
mxv,0,0,300072,0,0
mya,1836717720,496030641,481728338,528764929,1557739067
myb,0,0,13629,0,0
myk,0,0,190074,0,0
myu,0,0,161856,0,0
myv,0,0,14666544,0,0
myw,0,0,668328,0,0
myx,0,0,110094,0,0
myy,0,0,994113,0,0
mza,0,0,177219,0,0
mzh,0,0,15408,0,0
mzk,0,0,42912,0,0
mzl,0,0,4425,0,0
mzm,0,0,4134,0,0
mzn,0,0,2018337,0,0
mzw,0,0,695001,0,0
mzz,0,0,65898,0,0
nab,0,0,258864,0,0
naf,0,0,339612,0,0
nah,0,0,1271586,0,0
nak,0,0,1391877,0,0
nap,0,314038126,289109455,314038126,864903310
naq,0,0,2700078,0,0
nas,0,0,1223664,0,0
nav,0,0,29622,0,0
naw,0,0,24414,0,0
nba,0,0,439359,0,0
nbc,0,0,18813,0,0
nbe,0,0,6051,0,0
nbl,0,0,1159698,0,0
nbq,0,0,387660,0,0
nbu,0,0,233055,0,0
nca,0,0,466479,0,0
nch,0,0,2312883,0,0
ncj,0,0,840528,0,0
ncl,0,0,343602,0,0
ncq,0,0,64698,0,0
nct,0,0,206553,0,0
ncu,0,0,222684,0,0
ncx,0,0,355521,0,0
ndc,0,0,960057,0,0
nde,0,0,15227646,0,0
ndh,0,0,190431,0,0
ndi,0,0,5502,0,0
ndj,0,0,8928,0,0
ndo,0,0,10747020,0,0
nds,0,0,96356412,0,0
ndz,0,0,12531,0,0
neb,0,0,58017,0,0
new,0,0,19154001,0,0
nfa,0,0,57552,0,0
nfr,0,0,626586,0,0
ngb,0,0,3753,0,0
ngc,0,0,1746,0,0
ngl,0,0,212955,0,0
ngp,0,0,109098,0,0
ngu,0,0,1006143,0,0
nhd,0,0,276,0,0
nhe,0,0,1507905,0,0
nhg,0,0,301071,0,0
nhi,0,0,690639,0,0
nhk,0,0,56103,0,0
nho,0,0,841098,0,0
nhr,0,0,152862,0,0
nhu,0,0,4476114,0,0
nhw,0,0,1408350,0,0
nhx,0,0,84012,0,0
nhy,0,0,390357,0,0
nia,0,0,1400262,0,0
nif,0,0,277587,0,0
nii,0,0,665292,0,0
nij,0,0,868350,0,0
nim,0,0,317679,0,0
nin,0,0,371058,0,0
nio,0,0,47535,0,0
niq,0,0,5268,0,0
niu,0,0,1267986,0,0
niy,0,0,24606,0,0
njb,0,0,54291,0,0
njm,0,0,54726,0,0
njn,0,0,50913,0,0
njo,0,0,1313478,0,0
njz,0,0,3279,0,0
nkf,0,0,122754,0,0
nki,0,0,366546,0,0
nko,0,0,151554,0,0
nla,0,0,11358,0,0
nlc,0,0,33801,0,0
nld,37153917482,1758681415,1943396273,1960504652,13377415660
nlg,0,0,64917,0,0
nma,0,0,14118,0,0
nmf,0,0,195735,0,0
nmo,0,0,49077,0,0
nmw,0,0,23160,0,0
nmz,0,0,12042,0,0
nnb,0,0,470193,0,0
nng,0,0,2460,0,0
nnh,0,0,14889,0,0
nnl,0,0,267,0,0
nno,0,362784936,346365959,362784936,1125063147
nnp,0,0,20049,0,0
nnq,0,0,126141,0,0
nnw,0,0,29766,0,0
noa,0,0,657291,0,0
nob,20925047379,1273114498,1341227367,1341359992,8894158913
nod,0,0,622017,0,0
nog,0,0,2183202,0,0
non,0,0,32753325,0,0
nop,0,0,563730,0,0
not,0,0,121578,0,0
nou,0,0,310113,0,0
nov,0,0,7420668,0,0
nph,0,0,173073,0,0
npi,2500423044,495629493,507675841,501049612,1976727451
npl,0,0,309660,0,0
npo,0,0,9579,0,0
npy,0,0,811158,0,0
nqo,0,0,1098279,0,0
nre,0,0,21771,0,0
nrf,0,0,499662,0,0
nri,0,0,12384,0,0
nrm,0,234695010,216894904,234695010,524151144
nsa,0,0,5097,0,0
nse,0,0,11307,0,0
nsm,0,0,73578,0,0
nsn,0,0,400911,0,0
nso,0,0,15307296,0,0
nss,0,0,351708,0,0
nst,0,0,12141,0,0
nsu,0,0,370380,0,0
ntp,0,0,30063,0,0
ntr,0,0,855495,0,0
ntu,0,0,891183,0,0
nuj,0,0,130698,0,0
nus,0,0,301350,0,0
nuy,0,0,436821,0,0
nuz,0,0,1614,0,0
nwb,0,0,9054,0,0
nwi,0,0,641313,0,0
nwx,0,0,2220,0,0
nxd,0,0,3492,0,0
nya,0,0,178316655,0,0
nyf,0,0,98586,0,0
nyk,0,0,1818,0,0
nyn,0,0,1595706,0,0
nyo,0,0,423357,0,0
nyu,0,0,1348878,0,0
nyy,0,0,228141,0,0
nzi,0,0,2817297,0,0
nzm,0,0,20511,0,0
obo,0,0,38223,0,0
oci,0,0,104865588,0,0
ogo,0,0,230703,0,0
ojb,0,0,464562,0,0
oke,0,0,78567,0,0
okv,0,0,272922,0,0
old,0,0,32202,0,0
olo,0,0,6071943,0,0
omb,0,0,47757,0,0
omw,0,0,331521,0,0
ong,0,0,597087,0,0
ons,0,0,80580,0,0
ood,0,0,60909,0,0
opm,0,0,719862,0,0
orv,0,0,58740,0,0
ory,0,357736114,301272777,357736114,897613597
oss,0,0,58161660,0,0
ota,0,0,272487,0,0
otd,0,0,32994,0,0
ote,0,0,1190604,0,0
otm,0,0,502440,0,0
otn,0,0,23103,0,0
oto,0,0,34644,0,0
otq,0,0,1036131,0,0
ots,0,0,21162,0,0
otw,0,0,383271,0,0
oym,0,0,9534,0,0
ozm,0,0,770112,0,0
pab,0,0,405762,0,0
pad,0,0,755967,0,0
pag,0,0,587442,0,0
pah,0,0,603123,0,0
pam,0,0,8486379,0,0
pan,0,449980316,376341655,449980316,1215558160
pao,0,0,388080,0,0
pap,0,0,274942755,0,0
pau,0,0,2111550,0,0
pbb,0,0,144408,0,0
pbc,0,0,216,0,0
pbi,0,0,7239,0,0
pbt,865919461,318637901,326476268,329059233,932834699
pcd,0,0,9335265,0,0
pck,0,0,7681887,0,0
pcm,0,251110768,246962301,251110768,636145453
pdc,0,0,11893449,0,0
pdt,0,0,2652387,0,0
pem,0,0,177735,0,0
pfe,0,0,18564,0,0
pfl,0,0,25925493,0,0
phm,0,0,2223,0,0
pib,0,0,84561,0,0
pio,0,0,89685,0,0
pir,0,0,913140,0,0
pis,0,0,302217,0,0
pjt,0,0,1135182,0,0
pkb,0,0,12867,0,0
plg,0,0,68409,0,0
pls,0,0,274779,0,0
plt,0,268848935,246614934,268848935,641905427
plu,0,0,286296,0,0
plw,0,0,154110,0,0
pma,0,0,913545,0,0
pmf,0,0,73350,0,0
pmq,0,0,33654,0,0
pms,0,0,19303326,0,0
pmx,0,0,10602,0,0
pnb,0,0,29289726,0,0
pne,0,0,71451,0,0
pnt,0,0,2920005,0,0
pny,0,0,690,0,0
poe,0,0,24060,0,0
poh,0,0,4029525,0,0
poi,0,0,188115,0,0
pol,36514762641,1724159750,1917593057,1918762412,13208941209
pon,0,0,3439911,0,0
por,46894429074,1915135889,2014897128,2048803296,16511163210
pos,0,0,1509,0,0
pot,0,0,259614,0,0
pov,0,0,57903,0,0
poy,0,0,88914,0,0
ppk,0,0,1085286,0,0
ppo,0,0,614244,0,0
pps,0,0,2706,0,0
prf,0,0,130518,0,0
prg,0,0,104802,0,0
pri,0,0,863736,0,0
prq,0,0,4920,0,0
pse,0,0,27000,0,0
pss,0,0,11475,0,0
ptp,0,0,351777,0,0
ptu,0,0,1484811,0,0
pui,0,0,128877,0,0
pwg,0,0,428211,0,0
pwn,0,0,665742,0,0
pww,0,0,27630,0,0
pxm,0,0,13260,0,0
qub,0,0,730293,0,0
quc,0,0,3352119,0,0
quf,0,0,806748,0,0
qug,0,0,3517965,0,0
quh,0,0,794850,0,0
qul,0,0,105735,0,0
qup,0,0,320058,0,0
qus,0,0,42813,0,0
quw,0,0,382128,0,0
quy,0,0,2577504,0,0
quz,0,0,3062616,0,0
qva,0,0,35529,0,0
qvc,0,0,210786,0,0
qve,0,0,1287078,0,0
qvh,0,0,554727,0,0
qvi,0,0,263718,0,0
qvm,0,0,532209,0,0
qvn,0,0,599658,0,0
qvo,0,0,15006,0,0
qvs,0,0,556518,0,0
qvw,0,0,411768,0,0
qvz,0,0,496485,0,0
qwh,0,0,831843,0,0
qxh,0,0,906483,0,0
qxl,0,0,92025,0,0
qxn,0,0,202233,0,0
qxo,0,0,81363,0,0
qxr,0,0,274386,0,0
rad,0,0,2006505,0,0
rai,0,0,568059,0,0
rap,0,0,118200,0,0
rar,0,0,2860218,0,0
rav,0,0,325794,0,0
raw,0,0,23519256,0,0
rcf,0,0,6992658,0,0
rej,0,0,721857,0,0
rel,0,0,82299,0,0
rgu,0,0,201948,0,0
rhg,0,0,22863,0,0
ria,0,0,128334,0,0
rim,0,0,8322,0,0
rjs,0,0,25158,0,0
rkb,0,0,294237,0,0
rmc,0,0,2933403,0,0
rme,0,0,605760,0,0
rml,0,0,184563,0,0
rmn,0,0,21649836,0,0
rmo,0,0,1033458,0,0
rmq,0,0,213429,0,0
rmy,0,420910270,317327114,420910270,1040455055
rnd,0,0,409995,0,0
rng,0,0,248409,0,0
rnl,0,0,12876,0,0
roh,0,0,64157466,0,0
ron,22361702990,1314440276,1427793839,1360188574,9340045008
roo,0,0,459255,0,0
rop,0,0,6911022,0,0
row,0,0,510060,0,0
rro,0,0,513228,0,0
rtm,0,0,626655,0,0
rub,0,0,25929,0,0
rue,0,0,86080674,0,0
ruf,0,0,47550,0,0
rug,0,0,1438932,0,0
run,0,0,75155205,0,0
rup,0,0,4621509,0,0
rus,115435806777,2840486420,2984939168,3078675542,30190326374
rwo,0,0,1528125,0,0
sab,0,0,423786,0,0
sag,0,0,14540316,0,0
sah,0,0,126349224,0,0
saj,0,0,930,0,0
san,0,0,64129377,0,0
sas,0,0,890625,0,0
sat,0,0,2413206,0,0
sba,0,0,136254,0,0
sbd,0,0,1350,0,0
sbe,0,0,627417,0,0
sbl,0,0,739212,0,0
sbs,0,0,1497,0,0
sby,0,0,42309,0,0
sck,0,0,39384,0,0
scn,0,0,19728600,0,0
sco,0,0,82438113,0,0
sda,0,0,153366,0,0
sdc,0,0,783732,0,0
sdh,0,0,122172033,0,0
sdo,0,0,18675,0,0
sdq,0,0,45078,0,0
seh,0,0,1230600,0,0
ses,0,0,43059,0,0
sey,0,0,116955,0,0
sfw,0,0,11925,0,0
sgb,0,0,660393,0,0
sgc,0,0,1853676,0,0
sgh,0,0,51756,0,0
sgs,0,0,2410413,0,0
sgw,0,0,406362,0,0
sgz,0,0,427860,0,0
shi,0,0,5883828,0,0
shk,0,0,6405,0,0
shn,0,0,11873190,0,0
shp,0,0,101064,0,0
shu,0,0,18252,0,0
sid,0,0,1035897,0,0
sig,0,0,899241,0,0
sil,0,0,147561,0,0
sim,0,0,826566,0,0
sin,1202542316,375019901,750604678,389088983,1143269585
sja,0,0,912948,0,0
sjo,0,0,8223,0,0
sju,0,0,11601,0,0
skg,0,0,872937,0,0
skr,0,0,533589,0,0
sld,0,0,10632,0,0
slk,12182141119,998798168,1011091136,1026349915,6064083846
sll,0,0,537705,0,0
slv,7928219171,831776878,847458450,858410213,4463935424
sma,0,0,3141069,0,0
sme,0,0,80003730,0,0
smj,0,0,1600614,0,0
smk,0,0,766530,0,0
sml,0,0,729282,0,0
smn,0,0,3289200,0,0
smo,0,0,266219547,0,0
sms,0,0,2263866,0,0
smt,0,0,27183,0,0
sna,0,0,119643621,0,0
snc,0,0,516327,0,0
snd,0,249937990,243376252,249937990,724055724
snf,0,0,385305,0,0
snn,0,0,264459,0,0
snp,0,0,728976,0,0
snw,0,0,56442,0,0
sny,0,0,943704,0,0
soe,0,0,1209,0,0
som,0,333710411,316535441,333710411,1001676166
sop,0,0,1095120,0,0
soq,0,0,654114,0,0
sot,0,0,216849132,0,0
soy,0,0,144543,0,0
spa,89770162637,2479750725,2703604921,2706399876,25154848362
spl,0,0,382641,0,0
spm,0,0,123252,0,0
spp,0,0,659388,0,0
sps,0,0,1200534,0,0
spy,0,0,679356,0,0
srd,0,0,34065804,0,0
sri,0,0,19134,0,0
srm,0,0,70713,0,0
srn,0,0,11397648,0,0
srp,0,960506097,936108548,960506097,3810240145
srq,0,0,77805,0,0
srr,0,0,165846,0,0
ssd,0,0,192090,0,0
ssg,0,0,388179,0,0
ssw,0,0,3023253,0,0
ssx,0,0,16377,0,0
stn,0,0,24543,0,0
stp,0,0,47988,0,0
stq,0,0,1479162,0,0
sua,0,0,1900206,0,0
suc,0,0,79338,0,0
sue,0,0,779139,0,0
suk,0,0,573357,0,0
sun,0,0,212934663,0,0
sur,0,0,762207,0,0
sus,0,0,2778348,0,0
suz,0,0,280029,0,0
swb,0,0,135912,0,0
swc,0,0,1259664,0,0
swe,18608769024,1430027657,1620520456,1669630413,8148216002
swg,0,0,2969166,0,0
swh,1278170699,384229782,378505344,392449755,1222882772
swk,0,0,38247,0,0
swp,0,0,591225,0,0
sxb,0,0,170625,0,0
sxn,0,0,114702,0,0
syb,0,0,148035,0,0
syc,0,0,6307182,0,0
syl,0,0,42994896,0,0
szb,0,0,30303,0,0
szl,0,0,10985772,0,0
szy,0,0,4296006,0,0
tab,0,0,2029179,0,0
tac,0,0,949755,0,0
tah,0,0,17799927,0,0
taj,0,0,572064,0,0
tam,3067539668,581029963,698241954,621460346,2275174837
tap,0,0,22827,0,0
taq,0,0,3794835,0,0
tar,0,0,58005,0,0
tat,0,322345002,327299205,322345002,895036497
tav,0,0,188760,0,0
taw,0,0,56175,0,0
tay,0,0,806883,0,0
tbc,0,0,1063359,0,0
tbg,0,0,1042224,0,0
tbk,0,0,2376,0,0
tbl,0,0,69012,0,0
tbo,0,0,363984,0,0
tby,0,0,722904,0,0
tbz,0,0,1732371,0,0
tca,0,0,810264,0,0
tcc,0,0,9000,0,0
tcf,0,0,433092,0,0
tcs,0,0,327957,0,0
tcy,0,0,2527239,0,0
tcz,0,0,10224567,0,0
tdx,0,0,186456,0,0
ted,0,0,398919,0,0
tee,0,0,915186,0,0
tel,2085498015,505084684,563981383,532577949,1723380623
tem,0,0,28542,0,0
teo,0,0,855528,0,0
ter,0,0,557019,0,0
tet,0,0,4854972,0,0
tew,0,0,192774,0,0
tfr,0,0,932574,0,0
tgk,0,336119328,323987540,336119328,1047195867
tgo,0,0,286695,0,0
tgp,0,0,379302,0,0
tha,18209344688,1190871341,1213543020,1229658189,8068776268
thk,0,0,584646,0,0
thl,0,0,880998,0,0
tif,0,0,779904,0,0
tig,0,0,3126,0,0
tih,0,0,69261,0,0
tik,0,0,7104,0,0
tim,0,0,272763,0,0
tir,0,0,97007349,0,0
tiv,0,0,4299780,0,0
tiy,0,0,359043,0,0
tke,0,0,123621,0,0
tkl,0,0,226281,0,0
tkr,0,0,304071,0,0
tku,0,0,160266,0,0
tlb,0,0,42495,0,0
tlf,0,0,1714803,0,0
tlh,0,0,4263585,0,0
tlj,0,0,4143,0,0
tll,0,0,272601,0,0
tly,0,0,6324693,0,0
tmc,0,0,20574,0,0
tmd,0,0,82899,0,0
tna,0,0,187578,0,0
tnc,0,0,26061,0,0
tnk,0,0,339618,0,0
tnn,0,0,775836,0,0
tnp,0,0,354177,0,0
tnr,0,0,4482,0,0
tob,0,0,82797,0,0
toc,0,0,184461,0,0
tod,0,0,305196,0,0
tog,0,0,2863572,0,0
toh,0,0,483312,0,0
toi,0,0,1623489,0,0
toj,0,0,784383,0,0
tok,0,0,1118790,0,0
ton,0,0,15495486,0,0
too,0,0,258930,0,0
top,0,0,1122525,0,0
tos,0,0,788898,0,0
tpa,0,0,9999,0,0
tpi,0,0,7766442,0,0
tpm,0,0,17730,0,0
tpp,0,0,41106,0,0
tpt,0,0,510591,0,0
tpw,0,0,41388,0,0
tpz,0,0,1378056,0,0
tqo,0,0,14358,0,0
trc,0,0,257274,0,0
trn,0,0,724596,0,0
tro,0,0,22101,0,0
trp,0,0,297786,0,0
trq,0,0,242637,0,0
trs,0,0,13434,0,0
trv,0,0,2912118,0,0
tsc,0,0,407214,0,0
tsg,0,0,381645,0,0
tsn,0,0,16902912,0,0
tso,0,0,16941345,0,0
tsw,0,0,192750,0,0
tsz,0,0,534555,0,0
ttc,0,0,218193,0,0
tte,0,0,518985,0,0
ttj,0,0,60225,0,0
ttq,0,0,312486,0,0
tuc,0,0,1191513,0,0
tue,0,0,156330,0,0
tuf,0,0,161205,0,0
tui,0,0,20577,0,0
tuk,0,0,300858129,0,0
tul,0,0,2256,0,0
tum,0,0,288756,0,0
tuo,0,0,948522,0,0
tur,24911024070,1378115114,1425117928,1441265305,10099775897
tuv,0,0,28149,0,0
tvk,0,0,650628,0,0
tvl,0,0,3839055,0,0
twb,0,0,2730,0,0
twi,0,0,16460595,0,0
twu,0,0,931308,0,0
twx,0,0,74826,0,0
txq,0,0,379134,0,0
txu,0,0,1037892,0,0
tyv,0,0,34527510,0,0
tzh,0,0,4619478,0,0
tzj,0,0,2240712,0,0
tzl,0,0,561,0,0
tzm,0,0,2404845,0,0
tzo,0,0,5168403,0,0
ubr,0,0,527721,0,0
ubu,0,0,2612706,0,0
udm,0,0,40533771,0,0
udu,0,0,279024,0,0
uig,0,0,321062115,0,0
ukr,17472489195,1277404052,1427068041,1434641847,7807914532
umb,0,0,844947,0,0
upv,0,0,225159,0,0
ura,0,0,775470,0,0
urb,0,0,5262,0,0
urd,3627338877,600545800,850144447,618469540,2553578051
urh,0,0,829902,0,0
uri,0,0,43446,0,0
urk,0,0,1060974,0,0
urt,0,0,253725,0,0
urw,0,0,13125,0,0
ury,0,0,26382,0,0
usa,0,0,438168,0,0
usp,0,0,708186,0,0
uth,0,0,72264,0,0
uvh,0,0,805626,0,0
uvl,0,0,623919,0,0
uzn,0,839624315,723335898,839624315,2409795281
uzs,0,0,18402342,0,0
vag,0,0,34212,0,0
vap,0,0,1030674,0,0
var,0,0,63618,0,0
vec,0,0,6456858,0,0
ven,0,0,21698406,0,0
vep,0,0,4433280,0,0
vid,0,0,259038,0,0
vie,22206126246,1328813208,1403382567,1412724920,9281027035
viv,0,0,1024365,0,0
vls,0,0,12699804,0,0
vmk,0,0,97734,0,0
vmw,0,0,1059750,0,0
vmy,0,0,601269,0,0
vol,0,0,4086405,0,0
vot,0,0,4581,0,0
vro,0,0,10109103,0,0
vun,0,0,649272,0,0
vut,0,0,15570,0,0
waj,0,0,100293,0,0
wal,0,0,2857518,0,0
wap,0,0,69303,0,0
war,0,0,329991,0,0
wat,0,0,7665,0,0
way,0,0,25515,0,0
wba,0,0,31365,0,0
wbm,0,0,150924,0,0
wbp,0,0,395916,0,0
wed,0,0,147759,0,0
wer,0,0,431850,0,0
wes,0,0,1685187,0,0
wew,0,0,1722,0,0
whg,0,0,53538,0,0
whk,0,0,163053,0,0
wib,0,0,65289,0,0
wim,0,0,653820,0,0
wiu,0,0,154071,0,0
wln,0,0,22151376,0,0
wls,0,0,137406,0,0
wlv,0,0,55725,0,0
wlx,0,0,70227,0,0
wmt,0,0,91848,0,0
wmw,0,0,211587,0,0
wnc,0,0,464550,0,0
wnu,0,0,216090,0,0
wob,0,0,13932,0,0
wol,0,0,27582546,0,0
wos,0,0,699459,0,0
wrk,0,0,966888,0,0
wrs,0,0,529221,0,0
wsg,0,0,14742,0,0
wsk,0,0,321120,0,0
wuu,0,0,32884593,0,0
wuv,0,0,521829,0,0
wwa,0,0,13635,0,0
xal,0,0,2412492,0,0
xav,0,0,1788300,0,0
xbi,0,0,466182,0,0
xbr,0,0,5181,0,0
xed,0,0,232674,0,0
xho,189777311,190463481,173992690,192056906,375091632
xla,0,0,1588839,0,0
xmf,0,0,2994756,0,0
xmm,0,0,57033,0,0
xmv,0,0,229203,0,0
xnn,0,0,1275,0,0
xog,0,0,27297,0,0
xon,0,0,1109535,0,0
xrb,0,0,687867,0,0
xsb,0,0,28305,0,0
xsi,0,0,1128723,0,0
xsm,0,0,1371372,0,0
xsr,0,0,302994,0,0
xsu,0,0,161781,0,0
xtd,0,0,250935,0,0
xtm,0,0,118092,0,0
xtn,0,0,738510,0,0
xuo,0,0,75375,0,0
yaa,0,0,103623,0,0
yad,0,0,93420,0,0
yal,0,0,1122192,0,0
yam,0,0,148122,0,0
yan,0,0,73440,0,0
yao,0,0,444213,0,0
yap,0,0,2697498,0,0
yaq,0,0,225924,0,0
yas,0,0,2040,0,0
ybb,0,0,310557,0,0
yby,0,0,1074282,0,0
ycn,0,0,128064,0,0
ydd,0,0,271090296,0,0
yim,0,0,18474,0,0
yka,0,0,146280,0,0
yle,0,0,756456,0,0
yli,0,0,748815,0,0
yml,0,0,735747,0,0
yom,0,0,556320,0,0
yon,0,0,842316,0,0
yor,0,0,147497592,0,0
yrb,0,0,274122,0,0
yre,0,0,299259,0,0
yrk,0,0,1392846,0,0
yrl,0,0,12759,0,0
yss,0,0,1420746,0,0
yua,0,0,4121016,0,0
yue,0,278897050,243892223,278897050,626589206
yuj,0,0,1084872,0,0
yup,0,0,17472,0,0
yut,0,0,421836,0,0
yuw,0,0,625941,0,0
yuz,0,0,2664,0,0
yva,0,0,149520,0,0
zaa,0,0,226785,0,0
zab,0,0,360690,0,0
zac,0,0,352503,0,0
zad,0,0,50202,0,0
zae,0,0,110193,0,0
zai,0,0,1646448,0,0
zam,0,0,5724,0,0
zao,0,0,144345,0,0
zar,0,0,417726,0,0
zas,0,0,205473,0,0
zat,0,0,560085,0,0
zav,0,0,94695,0,0
zaw,0,0,177138,0,0
zca,0,0,27330,0,0
zdj,0,0,50511,0,0
zea,0,0,68857569,0,0
zgh,0,0,149538,0,0
zia,0,0,913194,0,0
ziw,0,0,496446,0,0
zne,0,0,659748,0,0
zom,0,0,6489393,0,0
zos,0,0,245982,0,0
zpa,0,0,925872,0,0
zpc,0,0,518034,0,0
zpg,0,0,7770,0,0
zpi,0,0,92079,0,0
zpj,0,0,25542,0,0
zpl,0,0,870915,0,0
zpm,0,0,528720,0,0
zpo,0,0,197928,0,0
zpq,0,0,29868,0,0
zpt,0,0,175119,0,0
zpu,0,0,1391583,0,0
zpv,0,0,602196,0,0
zpz,0,0,1439667,0,0
zsm,6299942426,749473781,831352773,777431881,3779705166
zsr,0,0,70326,0,0
ztq,0,0,673380,0,0
zty,0,0,1265460,0,0
zul,0,0,185987496,0,0
zyb,0,0,638013,0,0
zyp,0,0,1236039,0,0
